col_id,id,likes_count,from_id,from_name,message,created_time,type,link,comments_count,shares_count,love_count,haha_count,wow_count,sad_count,angry_count,datetime,month,like_button,positive_reaction
1,184377348315163_1277396002346620,81,184e12,Ford UK,We’ve found the perfect way to send your little one off to sleep…,2017-04-10T13:51:28Z,photo,https://www.facebook.com/forduk/photos/a.206936006059297.51708.184377348315163/1277395579013329/?type=3,39,24,6,0,1,0,0,2017-04-10T13:51:28Z,2017-04,88,7
2,184377348315163_1277679945651559,1060,184e12,Ford UK,NA,2017-04-10T20:24:05Z,video,https://www.facebook.com/mashable/videos/10155123810319705/,469,1,76,9,78,1,0,2017-04-10T20:24:05Z,2017-04,1224,163
3,184377348315163_1280564808696406,27,184e12,Ford UK,Can't get to Silverstone this weekend? Fear not! Here's our guide on how to follow the action from your armchair...,2017-04-13T12:18:50Z,photo,https://www.facebook.com/forduk/photos/a.206936006059297.51708.184377348315163/1280564808696406/?type=3,1,2,0,0,0,0,0,2017-04-13T12:18:50Z,2017-04,27,0
4,184377348315163_1285517188201168,13,184e12,Ford UK,NA,2017-04-18T14:56:43Z,link,http://www.dailymail.co.uk/~/article-4418390/index.html,4,6,0,0,0,0,0,2017-04-18T14:56:43Z,2017-04,13,0
5,184377348315163_1285550244864529,147,184e12,Ford UK,We've dealt the first blow in the battle for the 2017 FIA WEC title: Harry Tincknell was first past the flag in the #67 Ford GT at Silverstone last weekend,2017-04-18T15:37:52Z,video,https://www.facebook.com/forduk/videos/1285550244864529/,7,27,5,0,1,0,0,2017-04-18T15:37:52Z,2017-04,153,6
6,184377348315163_1287319668020920,65,184e12,Ford UK,NA,2017-04-20T10:31:34Z,link,http://www.alphr.com/cars/1005774/the-ford-gt-is-ready-to-dominate-the-2017-wec-championship,3,8,1,0,1,0,0,2017-04-20T10:31:34Z,2017-04,67,2
7,184377348315163_1288607041225516,134,184e12,Ford UK,"Some of the Ford TEAm, drinking Tea, in a T, raising money for chari-tea. Happy #NationalTeaDay!",2017-04-21T12:39:47Z,photo,https://www.facebook.com/forduk/photos/a.206936006059297.51708.184377348315163/1288606334558920/?type=3,3,9,1,0,0,0,0,2017-04-21T12:39:47Z,2017-04,135,1
8,184377348315163_1292195510866669,768,184e12,Ford UK,We're at the CV Show today showing Birmingham our Ford Transit and Ford Ranger.,2017-04-25T11:57:52Z,photo,https://www.facebook.com/forduk/photos/a.206936006059297.51708.184377348315163/1292195510866669/?type=3,73,88,14,4,9,0,0,2017-04-25T11:57:52Z,2017-04,795,27
9,184377348315163_1294000780686142,5236,184e12,Ford UK,It's official! <ed><U+00A0><U+00BD><ed><U+00B8><U+0080> The #FordMustang was the top selling sports car on the planet for 2016.,2017-04-27T13:13:21Z,photo,https://www.facebook.com/forduk/photos/a.206936006059297.51708.184377348315163/1294000780686142/?type=3,304,456,426,13,66,0,0,2017-04-27T13:13:21Z,2017-04,5741,505
10,184377348315163_1294086684010885,46,184e12,Ford UK,"Completing your degree in September 2017? 

http://ford.to/2plW4f9",2017-04-27T15:15:22Z,photo,https://www.facebook.com/forduk/photos/a.206936006059297.51708.184377348315163/1294086684010885/?type=3,15,24,0,0,0,0,1,2017-04-27T15:15:22Z,2017-04,47,0
11,184377348315163_1294955953923958,108,184e12,Ford UK,A > B just got easier. Introducing Ford Pass: an app packed with solutions to get you around faster. Download now http://www.fordpass.co.uk,2017-04-28T14:42:59Z,video,https://www.facebook.com/forduk/videos/1294955953923958/,13,25,3,0,0,0,0,2017-04-28T14:42:59Z,2017-04,111,3
12,184377348315163_1301838669902353,566,184e12,Ford UK,All-New Ford Fiesta. Will it be you?,2017-05-05T06:26:39Z,video,https://www.facebook.com/forduk/videos/1301838669902353/,146,131,31,1,5,1,2,2017-05-05T06:26:39Z,2017-05,606,37
13,184377348315163_1304636986289188,53,184e12,Ford UK,Here's how our FIA WEC 6 Hours of Spa went down. It's going to be a tough race at 24 Heures du Mans next month...,2017-05-08T10:11:49Z,video,https://www.facebook.com/forduk/videos/1304636986289188/,4,8,6,0,0,0,0,2017-05-08T10:11:49Z,2017-05,59,6
14,184377348315163_1304725839613636,170,184e12,Ford UK,NA,2017-05-08T12:54:29Z,photo,https://www.facebook.com/forduk/photos/a.268010813285149.64718.184377348315163/1304725839613636/?type=3,38,17,5,1,0,1,3,2017-05-08T12:54:29Z,2017-05,180,6
15,184377348315163_10155141562478820,81,184e12,Ford UK,Turn up your volume!  Enjoy the Focus RS RX competing in FIA World Rallycross Championship driven by Ken Block and Andreas Bakkerud.,2017-05-09T16:36:01Z,video,https://www.facebook.com/forduk/videos/10155141562478820/,5,35,7,0,1,0,0,2017-05-09T16:36:01Z,2017-05,89,8
16,184377348315163_1308958239190396,1009,184e12,Ford UK,No words necessary.,2017-05-12T13:17:04Z,photo,https://www.facebook.com/forduk/photos/a.206936006059297.51708.184377348315163/1308957672523786/?type=3,83,197,117,0,49,1,0,2017-05-12T13:17:04Z,2017-05,1176,166
17,184377348315163_1309668615786025,730,184e12,Ford UK,NA,2017-05-13T07:58:23Z,video,https://www.facebook.com/drivetribe/videos/439273026452841/,95,0,81,1,37,0,0,2017-05-13T07:58:23Z,2017-05,849,119
18,184377348315163_1315812575171629,197,184e12,Ford UK,Moving just got mobile. Meet Ford Pass: The innovative new app that gets you around. Download at www.fordpass.co.uk,2017-05-19T13:59:46Z,video,https://www.facebook.com/forduk/videos/1315812575171629/,22,37,4,2,1,0,1,2017-05-19T13:59:46Z,2017-05,205,7
19,184377348315163_1322887984464088,60,184e12,Ford UK,NA,2017-05-26T14:54:59Z,video,https://www.facebook.com/forduk/videos/1322887984464088/,1,7,8,0,4,0,0,2017-05-26T14:54:59Z,2017-05,72,12
20,184377348315163_1328190477267172,174,184e12,Ford UK,FordPass. The app that takes you forward. Download today at www.fordpass.co.uk,2017-06-01T10:48:37Z,video,https://www.facebook.com/forduk/videos/1328190477267172/,26,18,2,0,0,0,0,2017-06-01T10:48:37Z,2017-06,176,2
21,184377348315163_1332035493549337,5458,184e12,Ford UK,The Isle of Man Roads Policing Unit had an upgrade over the weekend.,2017-06-05T10:03:26Z,photo,https://www.facebook.com/forduk/photos/a.206936006059297.51708.184377348315163/1332035493549337/?type=3,911,1254,362,36,328,1,7,2017-06-05T10:03:26Z,2017-06,6192,726
22,184377348315163_1333364460083107,59,184e12,Ford UK,NA,2017-06-06T14:05:40Z,video,https://www.facebook.com/forduk/videos/1333364460083107/,2,14,3,0,0,0,0,2017-06-06T14:05:40Z,2017-06,62,3
23,184377348315163_1337008863052000,35,184e12,Ford UK,"Team Ford EcoBoost have been busy preparing for the London Nocturne this weekend, and we’re proud to support them.",2017-06-11T09:00:00Z,photo,https://www.facebook.com/forduk/photos/a.206936006059297.51708.184377348315163/1337008863052000/?type=3,0,2,0,0,0,0,0,2017-06-11T09:00:00Z,2017-06,35,0
24,184377348315163_1340798332673053,132,184e12,Ford UK,NA,2017-06-13T15:30:00Z,photo,https://www.facebook.com/forduk/photos/a.268010813285149.64718.184377348315163/1340798332673053/?type=3,2,3,6,0,2,0,0,2017-06-13T15:30:00Z,2017-06,140,8
25,184377348315163_1341617315924488,2510,184e12,Ford UK,"""I will prepare, and some day my chance will come.""",2017-06-14T08:50:48Z,photo,https://www.facebook.com/forduk/photos/a.206936006059297.51708.184377348315163/1341617315924488/?type=3,45,68,35,16,8,0,1,2017-06-14T08:50:48Z,2017-06,2570,59
26,184377348315163_1343840632368823,828,184e12,Ford UK,We're nearly ready to go like hell.,2017-06-16T10:30:12Z,video,https://www.facebook.com/forduk/videos/1343840632368823/,33,119,25,0,8,0,0,2017-06-16T10:30:12Z,2017-06,861,33
27,184377348315163_1343826632370223,558,184e12,Ford UK,Good luck to Team Ford EcoBoost this weekend in the Curlew Cup. You'll smash it! <ed><U+00A0><U+00BC><ed><U+00BF><U+0086><ed><U+00A0><U+00BC><ed><U+00BF><U+0081><ed><U+00A0><U+00BD><ed><U+00BA><U+00B4>,2017-06-16T15:01:03Z,photo,https://www.facebook.com/forduk/photos/a.206936006059297.51708.184377348315163/1343826632370223/?type=3,9,22,6,0,0,0,0,2017-06-16T15:01:03Z,2017-06,564,6
28,184377348315163_1344428832310003,22,184e12,Ford UK,We're ready. Are you? Catch the action live http://FordPerformance.tv,2017-06-17T07:00:00Z,photo,https://www.facebook.com/forduk/photos/a.206936006059297.51708.184377348315163/1344428832310003/?type=3,1,2,1,0,0,0,0,2017-06-17T07:00:00Z,2017-06,23,1
29,184377348315163_1344430242309862,127,184e12,Ford UK,"When the stars of pop Little Mix, met the most popular sports car in the world: Ford Mustang.",2017-06-17T09:00:00Z,video,https://www.facebook.com/forduk/videos/1344430242309862/,24,13,7,3,1,0,2,2017-06-17T09:00:00Z,2017-06,140,11
30,184377348315163_1344423455643874,9,184e12,Ford UK,"Sure Team Sky can race on two wheels, but who is the best driver?",2017-06-17T11:00:00Z,video,https://www.facebook.com/forduk/videos/1344423455643874/,1,1,0,0,0,0,0,2017-06-17T11:00:00Z,2017-06,9,0
31,184377348315163_1345457015540518,77,184e12,Ford UK,"2017 World Endurance ChampionshipRound Three, Le MansCircuit de la Sarthe, Le Mans10th – 18th June 2017",2017-06-17T11:00:00Z,photo,https://www.facebook.com/forduk/photos/a.1345456958873857.1073741963.184377348315163/1345457015540518/?type=3,1,4,3,0,2,0,0,2017-06-17T11:00:00Z,2017-06,82,5
32,184377348315163_1342747639144789,2830,184e12,Ford UK,NA,2017-06-17T15:00:00Z,video,https://www.facebook.com/forduk/videos/1342747639144789/,1733,1945,101,1006,10,2,1,2017-06-17T15:00:00Z,2017-06,3950,1117
33,184377348315163_1345415485544671,95,184e12,Ford UK,Night time at Le Mans is a truly amazing spectacle. GO LIKE HELL boys!!,2017-06-17T22:50:46Z,photo,https://www.facebook.com/forduk/photos/a.206936006059297.51708.184377348315163/1345415485544671/?type=3,0,1,1,1,2,0,0,2017-06-17T22:50:46Z,2017-06,99,4
34,184377348315163_1345536598865893,224,184e12,Ford UK,It's not just Ford GT at Le Mans. Here is our Ford Mustang,2017-06-18T08:00:00Z,photo,https://www.facebook.com/forduk/photos/a.206936006059297.51708.184377348315163/1345536598865893/?type=3,6,8,21,0,0,0,0,2017-06-18T08:00:00Z,2017-06,245,21
35,184377348315163_1345777245508495,459,184e12,Ford UK,Here's the only pit lane video you'll need to see today. See what it's like in the Ford garage during 24 Heures du Mans,2017-06-18T09:25:24Z,video,https://www.facebook.com/forduk/videos/1345777245508495/,34,51,13,0,1,0,0,2017-06-18T09:25:24Z,2017-06,473,14
36,184377348315163_1348981938521359,118,184e12,Ford UK,We're thrilled that Leah Bruce has won the Manufacturing category for Ford http://buff.ly/2sPOz52,2017-06-21T11:42:11Z,link,http://buff.ly/2sPOz52,31,6,6,0,0,0,0,2017-06-21T11:42:11Z,2017-06,124,6
37,184377348315163_1349159585170261,102,184e12,Ford UK,"With the Le Tour de France just around the corner now, what are Team Sky riders best memory on the saddle?",2017-06-21T15:50:00Z,video,https://www.facebook.com/forduk/videos/1349159585170261/,23,11,1,2,0,0,0,2017-06-21T15:50:00Z,2017-06,105,3
38,184377348315163_1350873571665529,159,184e12,Ford UK,You'll want the volume up for this.,2017-06-23T10:51:37Z,video,https://www.facebook.com/forduk/videos/1350873571665529/,15,33,18,0,4,0,0,2017-06-23T10:51:37Z,2017-06,181,22
39,184377348315163_1350890284997191,59,184e12,Ford UK,Fantastic to see @forduk engineers host female students and collegiate engineers for discussions and activities as part of International Women in Engineering Day.,2017-06-23T11:24:30Z,photo,https://www.facebook.com/forduk/photos/a.206936006059297.51708.184377348315163/1350970978322455/?type=3,7,11,2,0,0,0,0,2017-06-23T11:24:30Z,2017-06,61,2
40,184377348315163_1350879234998296,10306,184e12,Ford UK,Who is getting excited for Goodwood Festival of Speed next week?,2017-06-23T13:00:00Z,photo,https://www.facebook.com/forduk/photos/a.206936006059297.51708.184377348315163/1350879234998296/?type=3,272,333,367,6,130,5,0,2017-06-23T13:00:00Z,2017-06,10814,503
41,184377348315163_1351096968309856,77,184e12,Ford UK,Take a look at the many Ford vehicles supporting Team Sky throughout the Le Tour de France,2017-06-23T15:49:38Z,video,https://www.facebook.com/forduk/videos/1351096968309856/,3,14,5,0,0,0,0,2017-06-23T15:49:38Z,2017-06,82,5
42,184377348315163_1353626224723597,3784,184e12,Ford UK,"We'd say have the volume on for this, but maybe plug in your speakers too...",2017-06-26T09:41:21Z,video,https://www.facebook.com/forduk/videos/1353626224723597/,581,6097,716,8,194,1,2,2017-06-26T09:41:21Z,2017-06,4705,918
43,184377348315163_1354611131291773,49,184e12,Ford UK,"Introducing FordPass, the app that helps make your journey easier. Download today at www.fordpass.co.uk",2017-06-27T09:00:56Z,link,http://www.fordpass.co.uk/,13,10,2,0,0,0,0,2017-06-27T09:00:56Z,2017-06,51,2
44,184377348315163_1350977448321808,3412,184e12,Ford UK,Being vehicle sponsor to Team Ford EcoBoost helps keep their team in top condition. Just another way we help people.,2017-06-28T16:30:00Z,photo,https://www.facebook.com/forduk/photos/a.206936006059297.51708.184377348315163/1350977448321808/?type=3,44,83,51,12,5,1,0,2017-06-28T16:30:00Z,2017-06,3481,68
45,184377348315163_1357411294345090,73,184e12,Ford UK,"Earlier today, Billy Johnson took our Ford GT up Goodwood Festival of Speed's iconic hill. Naturally, it caught a lot of attention.",2017-06-29T11:29:34Z,photo,https://www.facebook.com/forduk/photos/a.206936006059297.51708.184377348315163/1357411294345090/?type=3,2,3,9,0,1,0,0,2017-06-29T11:29:34Z,2017-06,83,10
46,184377348315163_1357487314337488,358,184e12,Ford UK,Can't be at Goodwood Festival of Speed? Now you can virtually join us...,2017-06-29T12:06:44Z,photo,https://www.facebook.com/forduk/photos/a.206936006059297.51708.184377348315163/1357487314337488/?type=3,36,31,8,1,0,1,0,2017-06-29T12:06:44Z,2017-06,368,9
47,184377348315163_1358553174230902,2574,184e12,Ford UK,"If you do one thing today, make sure you listen to this Mustang.",2017-06-30T10:29:13Z,video,https://www.facebook.com/forduk/videos/1358553174230902/,555,450,215,6,46,0,1,2017-06-30T10:29:13Z,2017-06,2842,267
48,184377348315163_1360676727351880,318,184e12,Ford UK,"We appreciate not everybody has the time to go to Goodwood Festival of Speed, so we've created an album to keep you updated.",2017-07-02T09:43:21Z,photo,https://www.facebook.com/forduk/photos/a.206936006059297.51708.184377348315163/1360674937352059/?type=3,21,33,16,0,3,0,0,2017-07-02T09:43:21Z,2017-07,337,19
49,184377348315163_1360682774017942,5309,184e12,Ford UK,Both beauty and beast. The Ford Mustang,2017-07-02T12:00:00Z,photo,https://www.facebook.com/forduk/photos/a.206936006059297.51708.184377348315163/1360682774017942/?type=3,119,204,350,3,43,2,0,2017-07-02T12:00:00Z,2017-07,5707,396
50,184377348315163_1360946360658250,1574,184e12,Ford UK,"The Ford Mustang, drift king.",2017-07-02T16:17:32Z,video,https://www.facebook.com/forduk/videos/1360946360658250/,125,172,56,4,29,0,0,2017-07-02T16:17:32Z,2017-07,1663,89
51,184377348315163_1361706820582204,211,184e12,Ford UK,"We are absolutely delighted to have extended our partnership with Team Sky for two more years. To celebrate, we've created a special white Focus RS for Le Tour de France",2017-07-03T11:17:09Z,photo,https://www.facebook.com/forduk/photos/a.206936006059297.51708.184377348315163/1361706523915567/?type=3,27,15,12,0,5,0,0,2017-07-03T11:17:09Z,2017-07,228,17
52,184377348315163_1361703090582577,13,184e12,Ford UK,Week one at Le Tour de France is halfway through. Good opportunity to see who is most competitive in Team Sky,2017-07-05T09:00:00Z,video,https://www.facebook.com/forduk/videos/1361703090582577/,3,0,0,0,0,0,0,2017-07-05T09:00:00Z,2017-07,13,0
53,184377348315163_1363853603700859,95,184e12,Ford UK,NA,2017-07-05T13:12:40Z,link,https://www.unilad.co.uk/technology/ford-gt-and-mustang-gt4-at-the-2017-goodwood-festival-of-speed/,5,10,5,0,0,0,0,2017-07-05T13:12:40Z,2017-07,100,5
54,184377348315163_1363736530379233,2055,184e12,Ford UK,NA,2017-07-05T16:30:00Z,video,https://www.facebook.com/forduk/videos/1363736530379233/,181,214,101,1,37,0,0,2017-07-05T16:30:00Z,2017-07,2194,139
55,184377348315163_1364303993655820,367,184e12,Ford UK,Welcome home. All-New Ford Fiesta.,2017-07-05T20:28:52Z,photo,https://www.facebook.com/forduk/photos/a.206936006059297.51708.184377348315163/1364303993655820/?type=3,67,67,22,1,3,5,2,2017-07-05T20:28:52Z,2017-07,400,26
56,184377348315163_1365084763577743,43,184e12,Ford UK,NA,2017-07-06T15:23:56Z,photo,https://www.facebook.com/forduk/photos/a.268010813285149.64718.184377348315163/1365084763577743/?type=3,8,2,0,0,0,1,1,2017-07-06T15:23:56Z,2017-07,45,0
57,184377348315163_1363735373712682,2001,184e12,Ford UK,Throwback to Goodwood Festival of Speed when Billy Johnson went up the hill in our #FordMustang GT4. You're going to want to turn the volume up <ed><U+00A0><U+00BD><ed><U+00B4><U+008A>,2017-07-06T16:30:00Z,video,https://www.facebook.com/forduk/videos/1363735373712682/,338,814,125,2,42,0,1,2017-07-06T16:30:00Z,2017-07,2171,169
58,184377348315163_1361701947249358,1410,184e12,Ford UK,ICYMI: To celebrate extending our partnership with @TeamSky for two more years we've created a special white Focus RS for Le Tour de France,2017-07-07T09:00:00Z,video,https://www.facebook.com/forduk/videos/1361701947249358/,163,120,55,2,10,0,1,2017-07-07T09:00:00Z,2017-07,1478,67
59,184377348315163_1361704477249105,74,184e12,Ford UK,Very tough 181K stage today. Ouch. Team Sky will no doubt be craving some pizza this evening... #GoTeamSky,2017-07-09T10:00:00Z,video,https://www.facebook.com/forduk/videos/1361704477249105/,10,2,2,0,1,1,0,2017-07-09T10:00:00Z,2017-07,78,3
60,184377348315163_1367871633299056,206,184e12,Ford UK,Adventurous by nature. All-New Ford Fiesta,2017-07-09T10:24:48Z,photo,https://www.facebook.com/forduk/photos/a.206936006059297.51708.184377348315163/1367871633299056/?type=3,48,14,4,2,0,0,0,2017-07-09T10:24:48Z,2017-07,212,6
61,184377348315163_1368756643210555,575,184e12,Ford UK,Your All-New #FordFiesta,2017-07-10T09:43:29Z,photo,https://www.facebook.com/forduk/photos/a.206936006059297.51708.184377348315163/1368756643210555/?type=3,156,66,37,4,9,16,7,2017-07-10T09:43:29Z,2017-07,648,50
62,184377348315163_1369814359771450,26,184e12,Ford UK,It’s not all about the bikes. The Team Sky cyclists on two wheels rely on a convoy of support vehicles from Ford UK that transport everything from tools to clothes to food and drinks – and more bikes.,2017-07-11T11:39:39Z,link,http://social.ford.co.uk/tackling-the-tour-de-france-on-four-wheels/,6,3,0,1,0,0,0,2017-07-11T11:39:39Z,2017-07,27,1
63,184377348315163_1370680316351521,564,184e12,Ford UK,"The best music to drive to? Ford, VICE and Spotify have done the research. More: https://partners.vice.com/ford-scienceofsound/uk/news/exploring-the-science-of-sound/",2017-07-12T10:10:38Z,video,https://www.facebook.com/forduk/videos/1370680316351521/,75,169,22,0,9,0,0,2017-07-12T10:10:38Z,2017-07,595,31
64,184377348315163_1371069989645887,87,184e12,Ford UK,"Chris Froome remains in the overall lead of Le Tour de France after Stage 11, but we take a look at what we don't know about the Team Sky cyclists...",2017-07-12T16:02:27Z,video,https://www.facebook.com/forduk/videos/1371069989645887/,4,2,4,3,0,0,0,2017-07-12T16:02:27Z,2017-07,94,7
65,184377348315163_1373039336115619,259,184e12,Ford UK,Best of luck to the our Ford Performance #66 and #67 drivers racing 6 Hours of Nürburgring today.,2017-07-16T09:00:00Z,photo,https://www.facebook.com/forduk/photos/a.206936006059297.51708.184377348315163/1373039336115619/?type=3,7,12,13,0,4,0,0,2017-07-16T09:00:00Z,2017-07,276,17
66,184377348315163_1376203459132540,45,184e12,Ford UK,"Hello, on World Emoji Day we want to remind you to always enjoy your emoji's but please never Emoji and Drive.",2017-07-17T12:45:40Z,video,https://www.facebook.com/forduk/videos/1376203459132540/,7,17,2,1,0,0,0,2017-07-17T12:45:40Z,2017-07,48,3
67,184377348315163_1377221009030785,75,184e12,Ford UK,"It's the last week of Le Tour de France, and Team Sky final rest day. What better to do than get the TV on...",2017-07-18T12:41:41Z,video,https://www.facebook.com/forduk/videos/1377221009030785/,5,2,2,2,0,0,0,2017-07-18T12:41:41Z,2017-07,79,4
68,184377348315163_1377428632343356,82,184e12,Ford UK,Have your Ford Credit account at your fingertips with FordPass. Download today at www.fordpass.co.uk,2017-07-18T16:44:10Z,photo,https://www.facebook.com/forduk/photos/a.206936006059297.51708.184377348315163/1377428632343356/?type=3,4,9,1,0,0,0,0,2017-07-18T16:44:10Z,2017-07,83,1
69,184377348315163_1379340532152166,903,184e12,Ford UK,Watch out for an exclusive first viewing of our All-New Ford Fiesta film this Friday.,2017-07-20T15:28:35Z,photo,https://www.facebook.com/forduk/photos/a.206936006059297.51708.184377348315163/1379340532152166/?type=3,88,67,61,0,8,1,0,2017-07-20T15:28:35Z,2017-07,973,69
70,184377348315163_1379346778818208,24,184e12,Ford UK,NA,2017-07-20T15:35:41Z,video,https://www.facebook.com/forduk/videos/1379346778818208/,8,6,2,0,0,0,0,2017-07-20T15:35:41Z,2017-07,26,2
71,184377348315163_1380087958744090,70,184e12,Ford UK,NA,2017-07-21T11:03:52Z,link,http://www.ibtimes.co.uk/ford-gt-has-25-computers-more-lines-code-f-35-lightning-fighter-jet-1631036?utm_source=social&utm_medium=facebook&utm_campaign=%2Fford-gt-has-25-computers-more-lines-code-f-35-lightning-fighter-jet-1631036,14,15,4,0,3,0,0,2017-07-21T11:03:52Z,2017-07,77,7
72,184377348315163_1380315075388045,1110,184e12,Ford UK,It's been quite a journey. Introducing the All-New Ford Fiesta.,2017-07-21T15:39:29Z,video,https://www.facebook.com/forduk/videos/1380315075388045/,314,360,79,10,6,7,3,2017-07-21T15:39:29Z,2017-07,1215,95
73,184377348315163_1383783525041200,6429,184e12,Ford UK,Team Sky had a yellow-themed Ford Focus RS as part of their team during this Le Tour de France. #TEAM5KY #F4OOME,2017-07-24T16:31:41Z,photo,https://www.facebook.com/forduk/photos/a.206936006059297.51708.184377348315163/1383783525041200/?type=3,120,129,138,7,41,0,0,2017-07-24T16:31:41Z,2017-07,6615,186
74,184377348315163_1390124191073800,203,184e12,Ford UK,"There are jumps, and then there are jumps. Which jump do you prefer between Ken Block or Andreas Bakkerud?",2017-07-31T11:04:22Z,video,https://www.facebook.com/forduk/videos/1390124191073800/,44,27,4,1,3,0,0,2017-07-31T11:04:22Z,2017-07,211,8
75,184377348315163_1394464873973065,1275,184e12,Ford UK,"Our Ford Mustang putting the GT in LGBT. Today we're at Brighton Pride 2017, so come and say hello.",2017-08-05T09:33:38Z,photo,https://www.facebook.com/forduk/photos/a.468797596539802.1073741853.184377348315163/1394464827306403/?type=3,180,325,183,24,28,5,18,2017-08-05T09:33:38Z,2017-08,1533,235
76,184377348315163_10155433787238820,195,184e12,Ford UK,"Tough weekend for Hoonigan at FIA World Rallycross Championship Canada. Great driving but Andreas Bakkerud missed the Semi-Final, and Ken Block missed the Final by just 1 position each.",2017-08-07T09:10:07Z,video,https://www.facebook.com/forduk/videos/10155433787238820/,0,20,3,0,0,0,0,2017-08-07T09:10:07Z,2017-08,198,3
77,184377348315163_1398552970230922,2504,184e12,Ford UK,Not long to go until our Ford GT is back in action. You'll next be able to see us in 6 Hours of Mexico on 8th September.,2017-08-09T12:59:28Z,photo,https://www.facebook.com/forduk/photos/a.206936006059297.51708.184377348315163/1398552690230950/?type=3,31,104,93,2,32,1,0,2017-08-09T12:59:28Z,2017-08,2632,127
78,184377348315163_1400281353391417,9817,184e12,Ford UK,"We all drive, but not all drives are equal.",2017-08-11T11:45:33Z,photo,https://www.facebook.com/forduk/photos/a.206936006059297.51708.184377348315163/1400278830058336/?type=3,614,581,1012,14,234,2,0,2017-08-11T11:45:33Z,2017-08,11079,1260
79,184377348315163_1403922979693921,427,184e12,Ford UK,This limited edition '67 Ford GT is <ed><U+00A0><U+00BD><ed><U+00B1><U+008C>,2017-08-15T09:07:33Z,photo,https://www.facebook.com/forduk/photos/a.206936006059297.51708.184377348315163/1403922899693929/?type=3,31,48,52,0,18,0,1,2017-08-15T09:07:33Z,2017-08,498,70
80,184377348315163_10155464166318820,49,184e12,Ford UK,Watch how the Hoonigan Racing Division team transports Ken Block and Andreas Bakkerud's Focus RS RX between FIA World Rallycross Championship rounds.,2017-08-18T12:54:05Z,video,https://www.facebook.com/forduk/videos/10155464166318820/,3,5,0,0,0,0,0,2017-08-18T12:54:05Z,2017-08,49,0
81,184377348315163_1405955522824000,2818,184e12,Ford UK,The evolution of a global icon. This is the story of the Ford Mustang.,2017-08-18T15:00:00Z,link,https://www.pistonheads.com/news/ph-advertorial/promoted-the-ford-mustang-story/36510,219,492,195,2,24,0,0,2017-08-18T15:00:00Z,2017-08,3039,221
82,184377348315163_1406839872735565,29,184e12,Ford UK,"On to Vuelta a España<U+200B>! Good luck to Chris Froome<U+200B> and Team Sky<U+200B>. Known for barren landscapes and tough, steep climbs - this late-season test is often the closest and most entertaining of the Grand Tours.",2017-08-18T17:00:00Z,photo,https://www.facebook.com/forduk/photos/a.206936006059297.51708.184377348315163/1406838939402325/?type=3,0,2,0,0,0,0,0,2017-08-18T17:00:00Z,2017-08,29,0
83,184377348315163_1408054202614132,612,184e12,Ford UK,What's the best music to drive to? Joe Goddard delves into the Science of Sound with VICE and Spotify. Watch the film in full: https://youtu.be/41fxIafiCR4,2017-08-21T06:30:00Z,video,https://www.facebook.com/forduk/videos/1408054202614132/,35,66,18,3,4,1,1,2017-08-21T06:30:00Z,2017-08,639,25
84,184377348315163_1409265399159679,43,184e12,Ford UK,It turns out the average modern family has great taste...,2017-08-21T09:22:07Z,link,https://www.metro.news/up-at-6-55am-and-a-ford-in-drive-thats-family-life/716692/,12,2,0,0,0,0,0,2017-08-21T09:22:07Z,2017-08,43,0
85,184377348315163_1404092186343667,334,184e12,Ford UK,Goosebumps come as standard.,2017-08-21T11:00:00Z,photo,https://www.facebook.com/forduk/photos/a.206936006059297.51708.184377348315163/1404092016343684/?type=3,16,24,37,0,3,0,0,2017-08-21T11:00:00Z,2017-08,374,40
86,184377348315163_1405960962823456,3607,184e12,Ford UK,From rally to the road. This is the story of the Ford Focus RS.,2017-08-24T15:00:00Z,link,https://www.pistonheads.com/news/ph-advertorial/promoted-the-rs-story/36515,375,767,136,0,8,0,0,2017-08-24T15:00:00Z,2017-08,3751,144
87,184377348315163_1404005543018998,310,184e12,Ford UK,"Some things sleep at night, others come to life.",2017-08-25T09:00:00Z,photo,https://www.facebook.com/forduk/photos/a.206936006059297.51708.184377348315163/1404004646352421/?type=3,16,12,35,1,8,0,0,2017-08-25T09:00:00Z,2017-08,354,44
88,184377348315163_1412951482124404,1322,184e12,Ford UK,Got to love bank holidays <ed><U+00A0><U+00BD><ed><U+00B8><U+0085>,2017-08-25T15:00:00Z,video,https://www.facebook.com/forduk/videos/1412951482124404/,832,1099,52,466,4,3,2,2017-08-25T15:00:00Z,2017-08,1849,522
89,184377348315163_1406828069403412,5234,184e12,Ford UK,It's okay to stare.,2017-08-28T09:00:00Z,photo,https://www.facebook.com/forduk/photos/a.206936006059297.51708.184377348315163/1406827946070091/?type=3,108,169,348,13,53,4,1,2017-08-28T09:00:00Z,2017-08,5653,414
90,184377348315163_1413166678769551,14,184e12,Ford UK,What's the best music to drive to? Berlin House duo Mat.Joe uncover the Science of Sound with VICE and Spotify. Watch the creation of their track 'Don't Hold Back' here: https://youtu.be/t-JtaneBOpg,2017-08-29T14:00:00Z,video,https://www.facebook.com/forduk/videos/1413166678769551/,7,11,0,0,0,0,0,2017-08-29T14:00:00Z,2017-08,14,0
91,184377348315163_1404097413009811,1581,184e12,Ford UK,Track mode enabled. Let's go...,2017-09-01T09:00:00Z,photo,https://www.facebook.com/forduk/photos/a.206936006059297.51708.184377348315163/1404097163009836/?type=3,32,27,43,13,8,1,1,2017-09-01T09:00:00Z,2017-09,1647,64
92,184377348315163_1413153682104184,2271,184e12,Ford UK,Good luck Team Ford EcoBoost in WTS Coalville this Sunday <ed><U+00A0><U+00BC><ed><U+00BF><U+0086><ed><U+00A0><U+00BC><ed><U+00BF><U+0081><ed><U+00A0><U+00BD><ed><U+00BA><U+00B4>,2017-09-01T14:00:00Z,photo,https://www.facebook.com/forduk/photos/a.206936006059297.51708.184377348315163/1413152195437666/?type=3,26,50,25,2,7,1,2,2017-09-01T14:00:00Z,2017-09,2308,34
93,184377348315163_1419529961466556,1224,184e12,Ford UK,"Good luck Team Sky, from everyone at Ford! <ed><U+00A0><U+00BD><ed><U+00BA><U+00B4>
http://bit.ly/2gw51lZ",2017-09-02T14:00:00Z,video,https://www.facebook.com/TeamSky/videos/10155825126184873/,37,0,21,0,5,1,0,2017-09-02T14:00:00Z,2017-09,1251,26
94,184377348315163_1419539668132252,8347,184e12,Ford UK,Welcome back to road racing Geraint. Good luck in the Tour of Britain! <ed><U+00A0><U+00BD><ed><U+00BA><U+00B4>,2017-09-03T10:00:00Z,photo,https://www.facebook.com/forduk/photos/a.206936006059297.51708.184377348315163/1419536241465928/?type=3,98,135,162,4,18,0,2,2017-09-03T10:00:00Z,2017-09,8533,184
95,184377348315163_1424195101000042,682,184e12,Ford UK,Keep driving forwards Geraint Thomas!,2017-09-06T16:51:21Z,video,https://www.facebook.com/forduk/videos/1424195101000042/,19,20,9,2,0,0,3,2017-09-06T16:51:21Z,2017-09,696,11
96,184377348315163_1427649220654630,265,184e12,Ford UK,An incredible double. Chris Froome and Team Sky have backed up their Le Tour de France win by conquering La Vuelta. Congratulations.,2017-09-10T19:26:10Z,photo,https://www.facebook.com/forduk/photos/a.206936006059297.51708.184377348315163/1427649130654639/?type=3,14,19,21,0,2,0,0,2017-09-10T19:26:10Z,2017-09,288,23
97,184377348315163_10155545370503820,129,184e12,Ford UK,Ken Block and Andreas Bakkerud drive the Ford Focus RS RX in the FIA World Rallycross Championship. Learn more about this beast here.,2017-09-18T10:13:07Z,video,https://www.facebook.com/forduk/videos/10155545370503820/,14,58,3,0,1,0,0,2017-09-18T10:13:07Z,2017-09,133,4
98,184377348315163_10155548134413820,66,184e12,Ford UK,Kick off Monday with highlights of Ken Block and Andreas Bakkerud from last weekend's  FIA World Rallycross Championship Latvia race in the Focus RS RX.,2017-09-19T17:00:00Z,video,https://www.facebook.com/forduk/videos/10155548134413820/,4,12,4,0,1,0,0,2017-09-19T17:00:00Z,2017-09,71,5
99,184377348315163_1437136053039280,406,184e12,Ford UK,Parkers has announced its winners for the 2018 New Car Awards. Best car for thrill seekers? You betcha.,2017-09-20T08:47:46Z,photo,https://www.facebook.com/forduk/photos/a.206936006059297.51708.184377348315163/1437135103039375/?type=3,47,59,38,1,6,0,0,2017-09-20T08:47:46Z,2017-09,451,45
100,184377348315163_1437171963035689,204,184e12,Ford UK,Meet Matthias Tonn: The man behind unleashing Ford Performance's potential.,2017-09-20T10:00:00Z,link,https://www.pistonheads.com/news/ph-advertorial/promoted-people-behind-rs--matthias-tonn/36753,37,9,6,2,1,0,1,2017-09-20T10:00:00Z,2017-09,214,9
101,184377348315163_1438454709574081,35,184e12,Ford UK,<ed><U+00A0><U+00BD><ed><U+00BA><U+00B4>  Job done. An end to a fantastic season. Time for Chris Froome and Team Sky to get some well-deserved R&R before a big 2018.,2017-09-21T16:15:48Z,photo,https://www.facebook.com/forduk/photos/a.206936006059297.51708.184377348315163/1438454432907442/?type=3,0,2,0,0,0,0,0,2017-09-21T16:15:48Z,2017-09,35,0
102,184377348315163_1441924369227115,1467,184e12,Ford UK,Two motoring titans. See what makes each of them unique.,2017-09-25T16:11:17Z,link,https://www.pistonheads.com/news/ph-advertorial/promoted-ford-focus-rs-v-ford-mustang-video/36804,283,204,89,1,19,0,1,2017-09-25T16:11:17Z,2017-09,1577,109
103,184377348315163_1444109082341977,211,184e12,Ford UK,Coming soon: The Ford GT and Norway's Atlantic Highway.,2017-09-28T10:46:19Z,video,https://www.facebook.com/forduk/videos/1444109082341977/,13,23,20,0,7,0,0,2017-09-28T10:46:19Z,2017-09,238,27
104,184377348315163_1445015345584684,8243,184e12,Ford UK,Why have a horse and carriage when you can have a pony?,2017-10-02T10:50:00Z,photo,https://www.facebook.com/forduk/photos/a.206936006059297.51708.184377348315163/1445015108918041/?type=3,375,214,588,46,131,6,1,2017-10-02T10:50:00Z,2017-10,9015,765
105,184377348315163_1451011411651744,6,184e12,Ford UK,"Ford engineers and Primary Engineer partner with 20 local primary schools to support 40 teachers as they guide their pupils through designing and building an electric vehicle, encouraging more young people to study STEM subjects.  
To find out more about Primary Engineer   <U+27A1><U+FE0F> home.primaryengineer.com/",2017-10-04T11:00:00Z,photo,https://www.facebook.com/forduk/photos/a.1451006871652198.1073741966.184377348315163/1451011411651744/?type=3,1,20,0,0,0,0,0,2017-10-04T11:00:00Z,2017-10,6,0
106,184377348315163_1451188668300685,1120,184e12,Ford UK,Train to be a movie stunt driver. Shoot your scenes and take home your trailer. Tickets selling fast - book yours <ed><U+00A0><U+00BD><ed><U+00B1><U+0089> http://ford.to/GoFasterUK,2017-10-06T15:45:00Z,video,https://www.facebook.com/forduk/videos/1451188668300685/,439,348,64,5,37,0,1,2017-10-06T15:45:00Z,2017-10,1227,106
